{"cameraMode":{"drawMode":0,"name":"Shaded","section":"Shading Mode"},"sceneLighting":true,"audioPlay":false,"sceneViewState":{"showFog":true,"showMaterialUpdate":false,"showSkybox":true,"showFlares":true,"showImageEffects":true,"showParticleSystems":true},"in2DMode":false,"pivot":{"x":1.2281758785247803,"y":2.237125873565674,"z":-4.772310256958008},"rotation":{"x":0.1995118111371994,"y":-0.036446910351514819,"z":0.007425904273986816,"w":0.9791892766952515},"size":10.404415130615235,"orthographic":false}