{"cameraMode":{"drawMode":0,"name":"Shaded","section":"Shading Mode"},"sceneLighting":true,"audioPlay":false,"sceneViewState":{"showFog":true,"showMaterialUpdate":false,"showSkybox":true,"showFlares":true,"showImageEffects":true,"showParticleSystems":true},"in2DMode":false,"pivot":{"x":0.19757604598999024,"y":-0.020000003278255464,"z":2.0799999237060549},"rotation":{"x":-0.0681309774518013,"y":0.9211730360984802,"z":-0.18798761069774629,"w":-0.33385491371154787},"size":3.895901679992676,"orthographic":false}