{"cameraMode":{"drawMode":0,"name":"Shaded","section":"Shading Mode"},"sceneLighting":false,"audioPlay":false,"sceneViewState":{"showFog":true,"showMaterialUpdate":false,"showSkybox":true,"showFlares":true,"showImageEffects":true,"showParticleSystems":true},"in2DMode":false,"pivot":{"x":0.33000004291534426,"y":-0.4399999976158142,"z":-1.7050000429153443},"rotation":{"x":0.0014440049417316914,"y":-0.27106496691703799,"z":0.00040635757613927126,"w":0.9625598788261414},"size":6.06284236907959,"orthographic":false}