{"cameraMode":{"drawMode":0,"name":"Shaded","section":"Shading Mode"},"sceneLighting":false,"audioPlay":false,"sceneViewState":{"showFog":true,"showMaterialUpdate":false,"showSkybox":true,"showFlares":true,"showImageEffects":true,"showParticleSystems":true},"in2DMode":false,"pivot":{"x":0.33000004291534426,"y":-0.4399999976158142,"z":-1.7050000429153443},"rotation":{"x":0.06743179261684418,"y":-0.022446410730481149,"z":0.0015172468265518547,"w":0.9974702596664429},"size":6.404580593109131,"orthographic":false}