{"cameraMode":{"drawMode":0,"name":"Shaded","section":"Shading Mode"},"sceneLighting":false,"audioPlay":false,"sceneViewState":{"showFog":true,"showMaterialUpdate":false,"showSkybox":true,"showFlares":true,"showImageEffects":true,"showParticleSystems":true},"in2DMode":false,"pivot":{"x":-0.004999935626983643,"y":-1.4299999475479127,"z":-3.4100000858306886},"rotation":{"x":0.03717736899852753,"y":0.015585731714963913,"z":0.0005800673388876021,"w":-0.9991870522499085},"size":4.8052825927734379,"orthographic":false}