{"cameraMode":{"drawMode":0,"name":"Shaded","section":"Shading Mode"},"sceneLighting":false,"audioPlay":false,"sceneViewState":{"showFog":true,"showMaterialUpdate":false,"showSkybox":true,"showFlares":true,"showImageEffects":true,"showParticleSystems":true},"in2DMode":false,"pivot":{"x":-0.5475120544433594,"y":3.584352970123291,"z":-3.7046284675598146},"rotation":{"x":-0.01391264796257019,"y":0.324572890996933,"z":-0.00477440794929862,"w":-0.9457463026046753},"size":4.8052825927734379,"orthographic":false}