{"cameraMode":{"drawMode":0,"name":"Shaded","section":"Shading Mode"},"sceneLighting":false,"audioPlay":false,"sceneViewState":{"showFog":true,"showMaterialUpdate":false,"showSkybox":true,"showFlares":true,"showImageEffects":true,"showParticleSystems":true},"in2DMode":false,"pivot":{"x":-0.029999971389770509,"y":3.7699999809265138,"z":-3.0199999809265138},"rotation":{"x":-0.008973554708063603,"y":-0.07642240077257157,"z":-0.0006878580898046494,"w":0.9970349669456482},"size":3.8711354732513429,"orthographic":false}