{"cameraMode":{"drawMode":0,"name":"Shaded","section":"Shading Mode"},"sceneLighting":false,"audioPlay":false,"sceneViewState":{"showFog":true,"showMaterialUpdate":false,"showSkybox":true,"showFlares":true,"showImageEffects":true,"showParticleSystems":true},"in2DMode":false,"pivot":{"x":-4.449999809265137,"y":1.1200000047683716,"z":-2.809999942779541},"rotation":{"x":0.05220099911093712,"y":-0.4912143647670746,"z":0.029508264735341073,"w":0.8689722418785095},"size":5.913721561431885,"orthographic":false}