{"cameraMode":{"drawMode":0,"name":"Shaded","section":"Shading Mode"},"sceneLighting":false,"audioPlay":false,"sceneViewState":{"showFog":true,"showMaterialUpdate":false,"showSkybox":true,"showFlares":true,"showImageEffects":true,"showParticleSystems":true},"in2DMode":false,"pivot":{"x":0.7610735893249512,"y":5.800000190734863,"z":-2.119999885559082},"rotation":{"x":0.008999484591186047,"y":-0.007499142549932003,"z":0.00006834099622210488,"w":0.9999313950538635},"size":25.65967559814453,"orthographic":false}