{"cameraMode":{"drawMode":0,"name":"Shaded","section":"Shading Mode"},"sceneLighting":false,"audioPlay":false,"sceneViewState":{"showFog":true,"showMaterialUpdate":false,"showSkybox":true,"showFlares":true,"showImageEffects":true,"showParticleSystems":true},"in2DMode":false,"pivot":{"x":0.7610735893249512,"y":5.800000190734863,"z":-2.119999885559082},"rotation":{"x":0.16566455364227296,"y":0.028102241456508638,"z":-0.0047227973118424419,"w":0.9857704043388367},"size":25.65967559814453,"orthographic":false}