{"cameraMode":{"drawMode":0,"name":"Shaded","section":"Shading Mode"},"sceneLighting":false,"audioPlay":false,"sceneViewState":{"showFog":true,"showMaterialUpdate":false,"showSkybox":true,"showFlares":true,"showImageEffects":true,"showParticleSystems":true},"in2DMode":false,"pivot":{"x":-0.03806937113404274,"y":0.916649341583252,"z":-1.3784725666046143},"rotation":{"x":0.11222192645072937,"y":0.02682623639702797,"z":-0.0030307983979582788,"w":0.9933163523674011},"size":2.8515515327453615,"orthographic":false}