{"cameraMode":{"drawMode":0,"name":"Shaded","section":"Shading Mode"},"sceneLighting":true,"audioPlay":false,"sceneViewState":{"showFog":true,"showMaterialUpdate":false,"showSkybox":true,"showFlares":true,"showImageEffects":true,"showParticleSystems":true},"in2DMode":false,"pivot":{"x":-16.535503387451173,"y":6.553165435791016,"z":-6.827553749084473},"rotation":{"x":-0.19461581110954286,"y":0.764449954032898,"z":0.26928842067718508,"w":0.5524715781211853},"size":43.48164367675781,"orthographic":false}