{"cameraMode":{"drawMode":0,"name":"Shaded","section":"Shading Mode"},"sceneLighting":false,"audioPlay":false,"sceneViewState":{"showFog":true,"showMaterialUpdate":false,"showSkybox":true,"showFlares":true,"showImageEffects":true,"showParticleSystems":true},"in2DMode":false,"pivot":{"x":-2.133273124694824,"y":-0.48417818546295168,"z":15.272953033447266},"rotation":{"x":-0.3383200764656067,"y":0.5726040601730347,"z":-0.27979499101638796,"w":-0.6923719048500061},"size":4.357885837554932,"orthographic":false}