{"cameraMode":{"drawMode":0,"name":"Shaded","section":"Shading Mode"},"sceneLighting":false,"audioPlay":false,"sceneViewState":{"showFog":true,"showMaterialUpdate":false,"showSkybox":true,"showFlares":true,"showImageEffects":true,"showParticleSystems":true},"in2DMode":false,"pivot":{"x":-1.0291680097579957,"y":0.8552005290985107,"z":-6.4186906814575199},"rotation":{"x":-0.06176555156707764,"y":0.9345055818557739,"z":-0.20095141232013703,"w":-0.2872332036495209},"size":3.7578837871551515,"orthographic":false}