{"cameraMode":{"drawMode":0,"name":"Shaded","section":"Shading Mode"},"sceneLighting":false,"audioPlay":false,"sceneViewState":{"showFog":true,"showMaterialUpdate":false,"showSkybox":true,"showFlares":true,"showImageEffects":true,"showParticleSystems":true},"in2DMode":false,"pivot":{"x":-8.980000495910645,"y":2.119999885559082,"z":-10.15999984741211},"rotation":{"x":0.34729617834091189,"y":-0.2637842297554016,"z":0.10246746242046356,"w":0.8940378427505493},"size":4.041658401489258,"orthographic":false}