{"cameraMode":{"drawMode":0,"name":"Shaded","section":"Shading Mode"},"sceneLighting":false,"audioPlay":false,"sceneViewState":{"showFog":true,"showMaterialUpdate":false,"showSkybox":true,"showFlares":true,"showImageEffects":true,"showParticleSystems":true},"in2DMode":false,"pivot":{"x":-0.1369302123785019,"y":0.20100665092468263,"z":-5.803387641906738},"rotation":{"x":-0.005637654569000006,"y":0.904114305973053,"z":-0.4270869195461273,"w":-0.011933812871575356},"size":3.6107871532440187,"orthographic":false}