{"cameraMode":{"drawMode":0,"name":"Shaded","section":"Shading Mode"},"sceneLighting":false,"audioPlay":false,"sceneViewState":{"showFog":true,"showMaterialUpdate":false,"showSkybox":true,"showFlares":true,"showImageEffects":true,"showParticleSystems":true},"in2DMode":false,"pivot":{"x":-2.1066999435424806,"y":-2.4581689834594728,"z":1.1068248748779297},"rotation":{"x":-0.4759237468242645,"y":0.16164086759090424,"z":-0.08946327120065689,"w":-0.8598634600639343},"size":2.8578836917877199,"orthographic":false}