{"cameraMode":{"drawMode":0,"name":"Shaded","section":"Shading Mode"},"sceneLighting":false,"audioPlay":false,"sceneViewState":{"showFog":true,"showMaterialUpdate":false,"showSkybox":true,"showFlares":true,"showImageEffects":true,"showParticleSystems":true},"in2DMode":false,"pivot":{"x":4.633505821228027,"y":-0.5496785640716553,"z":3.689727306365967},"rotation":{"x":0.3343987464904785,"y":-0.5016840696334839,"z":0.2186572104692459,"w":0.767254650592804},"size":2.8578836917877199,"orthographic":false}