{"cameraMode":{"drawMode":0,"name":"Shaded","section":"Shading Mode"},"sceneLighting":true,"audioPlay":false,"sceneViewState":{"showFog":true,"showMaterialUpdate":false,"showSkybox":true,"showFlares":true,"showImageEffects":true,"showParticleSystems":true},"in2DMode":false,"pivot":{"x":-2.2723958492279054,"y":4.038873672485352,"z":14.629644393920899},"rotation":{"x":-0.1481732577085495,"y":0.4086172878742218,"z":-0.06741616874933243,"w":-0.8980710506439209},"size":8.921529769897461,"orthographic":false}