{"cameraMode":{"drawMode":0,"name":"Shaded","section":"Shading Mode"},"sceneLighting":false,"audioPlay":false,"sceneViewState":{"showFog":true,"showMaterialUpdate":false,"showSkybox":true,"showFlares":true,"showImageEffects":true,"showParticleSystems":true},"in2DMode":false,"pivot":{"x":2.5799999237060549,"y":-2.3400001525878908,"z":4.190000057220459},"rotation":{"x":-0.13784344494342805,"y":-0.021060096099972726,"z":0.0029460368677973749,"w":-0.9902257323265076},"size":16.777746200561525,"orthographic":false}