{"cameraMode":{"drawMode":0,"name":"Shaded","section":"Shading Mode"},"sceneLighting":false,"audioPlay":false,"sceneViewState":{"showFog":true,"showMaterialUpdate":false,"showSkybox":true,"showFlares":true,"showImageEffects":true,"showParticleSystems":true},"in2DMode":false,"pivot":{"x":-0.5799999237060547,"y":-0.6600000858306885,"z":22.71999740600586},"rotation":{"x":0.34729617834091189,"y":-0.2637842297554016,"z":0.10246746242046356,"w":0.8940378427505493},"size":2.8578836917877199,"orthographic":false}