{"cameraMode":{"drawMode":0,"name":"Shaded","section":"Shading Mode"},"sceneLighting":false,"audioPlay":false,"sceneViewState":{"showFog":true,"showMaterialUpdate":false,"showSkybox":true,"showFlares":true,"showImageEffects":true,"showParticleSystems":true},"in2DMode":false,"pivot":{"x":-7.40000057220459,"y":-0.05525851249694824,"z":-10.209999084472657},"rotation":{"x":-0.16472339630126954,"y":0.3855557441711426,"z":-0.07016904652118683,"w":-0.9051460027694702},"size":2.8578836917877199,"orthographic":false}