{"cameraMode":{"drawMode":0,"name":"Shaded","section":"Shading Mode"},"sceneLighting":true,"audioPlay":false,"sceneViewState":{"showFog":true,"showMaterialUpdate":false,"showSkybox":true,"showFlares":true,"showImageEffects":true,"showParticleSystems":true},"in2DMode":false,"pivot":{"x":-0.6982142925262451,"y":2.9778389930725099,"z":2.3039350509643556},"rotation":{"x":-0.07927991449832916,"y":-0.10537392646074295,"z":0.008427382446825505,"w":-0.9912315607070923},"size":12.915467262268067,"orthographic":false}