{"cameraMode":{"drawMode":0,"name":"Shaded","section":"Shading Mode"},"sceneLighting":false,"audioPlay":false,"sceneViewState":{"showFog":true,"showMaterialUpdate":false,"showSkybox":true,"showFlares":true,"showImageEffects":true,"showParticleSystems":true},"in2DMode":false,"pivot":{"x":1.9600001573562623,"y":4.390606880187988,"z":-0.5920314788818359},"rotation":{"x":-0.10658583045005799,"y":-0.020289964973926545,"z":0.0021749259904026987,"w":-0.9940941333770752},"size":25.415231704711915,"orthographic":false}